197901, http://goldsmr3.sci.gsfc.nasa.gov/opendap/MERRA_MONTHLY/MAIMCPASM.5.2.0/1979/MERRA100.prod.assim.instM_3d_asm_Cp.197901.hdf
197902, http://goldsmr3.sci.gsfc.nasa.gov/opendap/MERRA_MONTHLY/MAIMCPASM.5.2.0/1979/MERRA100.prod.assim.instM_3d_asm_Cp.197906.hdf
197903, http://goldsmr3.sci.gsfc.nasa.gov/opendap/MERRA_MONTHLY/MAIMCPASM.5.2.0/1979/MERRA100.prod.assim.instM_3d_asm_Cp.197911.hdf
197904, http://goldsmr3.sci.gsfc.nasa.gov/opendap/MERRA_MONTHLY/MAIMCPASM.5.2.0/1979/MERRA100.prod.assim.instM_3d_asm_Cp.197905.hdf
197905, http://goldsmr3.sci.gsfc.nasa.gov/opendap/MERRA_MONTHLY/MAIMCPASM.5.2.0/1979/MERRA100.prod.assim.instM_3d_asm_Cp.197904.hdf
197906, http://goldsmr3.sci.gsfc.nasa.gov/opendap/MERRA_MONTHLY/MAIMCPASM.5.2.0/1979/MERRA100.prod.assim.instM_3d_asm_Cp.197903.hdf
197907, http://goldsmr3.sci.gsfc.nasa.gov/opendap/MERRA_MONTHLY/MAIMCPASM.5.2.0/1979/MERRA100.prod.assim.instM_3d_asm_Cp.197908.hdf
197908, http://goldsmr3.sci.gsfc.nasa.gov/opendap/MERRA_MONTHLY/MAIMCPASM.5.2.0/1979/MERRA100.prod.assim.instM_3d_asm_Cp.197902.hdf
197909, http://goldsmr3.sci.gsfc.nasa.gov/opendap/MERRA_MONTHLY/MAIMCPASM.5.2.0/1979/MERRA100.prod.assim.instM_3d_asm_Cp.197907.hdf
197910, http://goldsmr3.sci.gsfc.nasa.gov/opendap/MERRA_MONTHLY/MAIMCPASM.5.2.0/1979/MERRA100.prod.assim.instM_3d_asm_Cp.197910.hdf
197911, http://goldsmr3.sci.gsfc.nasa.gov/opendap/MERRA_MONTHLY/MAIMCPASM.5.2.0/1979/MERRA100.prod.assim.instM_3d_asm_Cp.197912.hdf
197912, http://goldsmr3.sci.gsfc.nasa.gov/opendap/MERRA_MONTHLY/MAIMCPASM.5.2.0/1979/MERRA100.prod.assim.instM_3d_asm_Cp.197909.hdf
198001, http://goldsmr3.sci.gsfc.nasa.gov/opendap/MERRA_MONTHLY/MAIMCPASM.5.2.0/1980/MERRA100.prod.assim.instM_3d_asm_Cp.198001.hdf
198002, http://goldsmr3.sci.gsfc.nasa.gov/opendap/MERRA_MONTHLY/MAIMCPASM.5.2.0/1980/MERRA100.prod.assim.instM_3d_asm_Cp.198006.hdf
198003, http://goldsmr3.sci.gsfc.nasa.gov/opendap/MERRA_MONTHLY/MAIMCPASM.5.2.0/1980/MERRA100.prod.assim.instM_3d_asm_Cp.198011.hdf
198004, http://goldsmr3.sci.gsfc.nasa.gov/opendap/MERRA_MONTHLY/MAIMCPASM.5.2.0/1980/MERRA100.prod.assim.instM_3d_asm_Cp.198005.hdf
198005, http://goldsmr3.sci.gsfc.nasa.gov/opendap/MERRA_MONTHLY/MAIMCPASM.5.2.0/1980/MERRA100.prod.assim.instM_3d_asm_Cp.198004.hdf
198006, http://goldsmr3.sci.gsfc.nasa.gov/opendap/MERRA_MONTHLY/MAIMCPASM.5.2.0/1980/MERRA100.prod.assim.instM_3d_asm_Cp.198003.hdf
198007, http://goldsmr3.sci.gsfc.nasa.gov/opendap/MERRA_MONTHLY/MAIMCPASM.5.2.0/1980/MERRA100.prod.assim.instM_3d_asm_Cp.198008.hdf
198008, http://goldsmr3.sci.gsfc.nasa.gov/opendap/MERRA_MONTHLY/MAIMCPASM.5.2.0/1980/MERRA100.prod.assim.instM_3d_asm_Cp.198002.hdf
198009, http://goldsmr3.sci.gsfc.nasa.gov/opendap/MERRA_MONTHLY/MAIMCPASM.5.2.0/1980/MERRA100.prod.assim.instM_3d_asm_Cp.198007.hdf
198010, http://goldsmr3.sci.gsfc.nasa.gov/opendap/MERRA_MONTHLY/MAIMCPASM.5.2.0/1980/MERRA100.prod.assim.instM_3d_asm_Cp.198010.hdf
198011, http://goldsmr3.sci.gsfc.nasa.gov/opendap/MERRA_MONTHLY/MAIMCPASM.5.2.0/1980/MERRA100.prod.assim.instM_3d_asm_Cp.198012.hdf
198012, http://goldsmr3.sci.gsfc.nasa.gov/opendap/MERRA_MONTHLY/MAIMCPASM.5.2.0/1980/MERRA100.prod.assim.instM_3d_asm_Cp.198009.hdf
198101, http://goldsmr3.sci.gsfc.nasa.gov/opendap/MERRA_MONTHLY/MAIMCPASM.5.2.0/1981/MERRA100.prod.assim.instM_3d_asm_Cp.198109.hdf
198102, http://goldsmr3.sci.gsfc.nasa.gov/opendap/MERRA_MONTHLY/MAIMCPASM.5.2.0/1981/MERRA100.prod.assim.instM_3d_asm_Cp.198112.hdf
198103, http://goldsmr3.sci.gsfc.nasa.gov/opendap/MERRA_MONTHLY/MAIMCPASM.5.2.0/1981/MERRA100.prod.assim.instM_3d_asm_Cp.198107.hdf
198104, http://goldsmr3.sci.gsfc.nasa.gov/opendap/MERRA_MONTHLY/MAIMCPASM.5.2.0/1981/MERRA100.prod.assim.instM_3d_asm_Cp.198110.hdf
198105, http://goldsmr3.sci.gsfc.nasa.gov/opendap/MERRA_MONTHLY/MAIMCPASM.5.2.0/1981/MERRA100.prod.assim.instM_3d_asm_Cp.198104.hdf
198106, http://goldsmr3.sci.gsfc.nasa.gov/opendap/MERRA_MONTHLY/MAIMCPASM.5.2.0/1981/MERRA100.prod.assim.instM_3d_asm_Cp.198105.hdf
198107, http://goldsmr3.sci.gsfc.nasa.gov/opendap/MERRA_MONTHLY/MAIMCPASM.5.2.0/1981/MERRA100.prod.assim.instM_3d_asm_Cp.198108.hdf
198108, http://goldsmr3.sci.gsfc.nasa.gov/opendap/MERRA_MONTHLY/MAIMCPASM.5.2.0/1981/MERRA100.prod.assim.instM_3d_asm_Cp.198102.hdf
198109, http://goldsmr3.sci.gsfc.nasa.gov/opendap/MERRA_MONTHLY/MAIMCPASM.5.2.0/1981/MERRA100.prod.assim.instM_3d_asm_Cp.198103.hdf
198110, http://goldsmr3.sci.gsfc.nasa.gov/opendap/MERRA_MONTHLY/MAIMCPASM.5.2.0/1981/MERRA100.prod.assim.instM_3d_asm_Cp.198106.hdf
198111, http://goldsmr3.sci.gsfc.nasa.gov/opendap/MERRA_MONTHLY/MAIMCPASM.5.2.0/1981/MERRA100.prod.assim.instM_3d_asm_Cp.198111.hdf
198112, http://goldsmr3.sci.gsfc.nasa.gov/opendap/MERRA_MONTHLY/MAIMCPASM.5.2.0/1981/MERRA100.prod.assim.instM_3d_asm_Cp.198101.hdf
198201, http://goldsmr3.sci.gsfc.nasa.gov/opendap/MERRA_MONTHLY/MAIMCPASM.5.2.0/1982/MERRA100.prod.assim.instM_3d_asm_Cp.198210.hdf
198202, http://goldsmr3.sci.gsfc.nasa.gov/opendap/MERRA_MONTHLY/MAIMCPASM.5.2.0/1982/MERRA100.prod.assim.instM_3d_asm_Cp.198205.hdf
198203, http://goldsmr3.sci.gsfc.nasa.gov/opendap/MERRA_MONTHLY/MAIMCPASM.5.2.0/1982/MERRA100.prod.assim.instM_3d_asm_Cp.198211.hdf
198204, http://goldsmr3.sci.gsfc.nasa.gov/opendap/MERRA_MONTHLY/MAIMCPASM.5.2.0/1982/MERRA100.prod.assim.instM_3d_asm_Cp.198202.hdf
198205, http://goldsmr3.sci.gsfc.nasa.gov/opendap/MERRA_MONTHLY/MAIMCPASM.5.2.0/1982/MERRA100.prod.assim.instM_3d_asm_Cp.198212.hdf
198206, http://goldsmr3.sci.gsfc.nasa.gov/opendap/MERRA_MONTHLY/MAIMCPASM.5.2.0/1982/MERRA100.prod.assim.instM_3d_asm_Cp.198203.hdf
198207, http://goldsmr3.sci.gsfc.nasa.gov/opendap/MERRA_MONTHLY/MAIMCPASM.5.2.0/1982/MERRA100.prod.assim.instM_3d_asm_Cp.198204.hdf
198208, http://goldsmr3.sci.gsfc.nasa.gov/opendap/MERRA_MONTHLY/MAIMCPASM.5.2.0/1982/MERRA100.prod.assim.instM_3d_asm_Cp.198209.hdf
198209, http://goldsmr3.sci.gsfc.nasa.gov/opendap/MERRA_MONTHLY/MAIMCPASM.5.2.0/1982/MERRA100.prod.assim.instM_3d_asm_Cp.198207.hdf
198210, http://goldsmr3.sci.gsfc.nasa.gov/opendap/MERRA_MONTHLY/MAIMCPASM.5.2.0/1982/MERRA100.prod.assim.instM_3d_asm_Cp.198208.hdf
198211, http://goldsmr3.sci.gsfc.nasa.gov/opendap/MERRA_MONTHLY/MAIMCPASM.5.2.0/1982/MERRA100.prod.assim.instM_3d_asm_Cp.198206.hdf
198212, http://goldsmr3.sci.gsfc.nasa.gov/opendap/MERRA_MONTHLY/MAIMCPASM.5.2.0/1982/MERRA100.prod.assim.instM_3d_asm_Cp.198201.hdf
198301, http://goldsmr3.sci.gsfc.nasa.gov/opendap/MERRA_MONTHLY/MAIMCPASM.5.2.0/1983/MERRA100.prod.assim.instM_3d_asm_Cp.198306.hdf
198302, http://goldsmr3.sci.gsfc.nasa.gov/opendap/MERRA_MONTHLY/MAIMCPASM.5.2.0/1983/MERRA100.prod.assim.instM_3d_asm_Cp.198307.hdf
198303, http://goldsmr3.sci.gsfc.nasa.gov/opendap/MERRA_MONTHLY/MAIMCPASM.5.2.0/1983/MERRA100.prod.assim.instM_3d_asm_Cp.198301.hdf
198304, http://goldsmr3.sci.gsfc.nasa.gov/opendap/MERRA_MONTHLY/MAIMCPASM.5.2.0/1983/MERRA100.prod.assim.instM_3d_asm_Cp.198304.hdf
198305, http://goldsmr3.sci.gsfc.nasa.gov/opendap/MERRA_MONTHLY/MAIMCPASM.5.2.0/1983/MERRA100.prod.assim.instM_3d_asm_Cp.198308.hdf
198306, http://goldsmr3.sci.gsfc.nasa.gov/opendap/MERRA_MONTHLY/MAIMCPASM.5.2.0/1983/MERRA100.prod.assim.instM_3d_asm_Cp.198303.hdf
198307, http://goldsmr3.sci.gsfc.nasa.gov/opendap/MERRA_MONTHLY/MAIMCPASM.5.2.0/1983/MERRA100.prod.assim.instM_3d_asm_Cp.198309.hdf
198308, http://goldsmr3.sci.gsfc.nasa.gov/opendap/MERRA_MONTHLY/MAIMCPASM.5.2.0/1983/MERRA100.prod.assim.instM_3d_asm_Cp.198311.hdf
198309, http://goldsmr3.sci.gsfc.nasa.gov/opendap/MERRA_MONTHLY/MAIMCPASM.5.2.0/1983/MERRA100.prod.assim.instM_3d_asm_Cp.198312.hdf
198310, http://goldsmr3.sci.gsfc.nasa.gov/opendap/MERRA_MONTHLY/MAIMCPASM.5.2.0/1983/MERRA100.prod.assim.instM_3d_asm_Cp.198310.hdf
198311, http://goldsmr3.sci.gsfc.nasa.gov/opendap/MERRA_MONTHLY/MAIMCPASM.5.2.0/1983/MERRA100.prod.assim.instM_3d_asm_Cp.198302.hdf
198312, http://goldsmr3.sci.gsfc.nasa.gov/opendap/MERRA_MONTHLY/MAIMCPASM.5.2.0/1983/MERRA100.prod.assim.instM_3d_asm_Cp.198305.hdf
198401, http://goldsmr3.sci.gsfc.nasa.gov/opendap/MERRA_MONTHLY/MAIMCPASM.5.2.0/1984/MERRA100.prod.assim.instM_3d_asm_Cp.198409.hdf
198402, http://goldsmr3.sci.gsfc.nasa.gov/opendap/MERRA_MONTHLY/MAIMCPASM.5.2.0/1984/MERRA100.prod.assim.instM_3d_asm_Cp.198408.hdf
198403, http://goldsmr3.sci.gsfc.nasa.gov/opendap/MERRA_MONTHLY/MAIMCPASM.5.2.0/1984/MERRA100.prod.assim.instM_3d_asm_Cp.198405.hdf
198404, http://goldsmr3.sci.gsfc.nasa.gov/opendap/MERRA_MONTHLY/MAIMCPASM.5.2.0/1984/MERRA100.prod.assim.instM_3d_asm_Cp.198402.hdf
198405, http://goldsmr3.sci.gsfc.nasa.gov/opendap/MERRA_MONTHLY/MAIMCPASM.5.2.0/1984/MERRA100.prod.assim.instM_3d_asm_Cp.198401.hdf
198406, http://goldsmr3.sci.gsfc.nasa.gov/opendap/MERRA_MONTHLY/MAIMCPASM.5.2.0/1984/MERRA100.prod.assim.instM_3d_asm_Cp.198410.hdf
198407, http://goldsmr3.sci.gsfc.nasa.gov/opendap/MERRA_MONTHLY/MAIMCPASM.5.2.0/1984/MERRA100.prod.assim.instM_3d_asm_Cp.198407.hdf
198408, http://goldsmr3.sci.gsfc.nasa.gov/opendap/MERRA_MONTHLY/MAIMCPASM.5.2.0/1984/MERRA100.prod.assim.instM_3d_asm_Cp.198406.hdf
198409, http://goldsmr3.sci.gsfc.nasa.gov/opendap/MERRA_MONTHLY/MAIMCPASM.5.2.0/1984/MERRA100.prod.assim.instM_3d_asm_Cp.198403.hdf
198410, http://goldsmr3.sci.gsfc.nasa.gov/opendap/MERRA_MONTHLY/MAIMCPASM.5.2.0/1984/MERRA100.prod.assim.instM_3d_asm_Cp.198404.hdf
198411, http://goldsmr3.sci.gsfc.nasa.gov/opendap/MERRA_MONTHLY/MAIMCPASM.5.2.0/1984/MERRA100.prod.assim.instM_3d_asm_Cp.198412.hdf
198412, http://goldsmr3.sci.gsfc.nasa.gov/opendap/MERRA_MONTHLY/MAIMCPASM.5.2.0/1984/MERRA100.prod.assim.instM_3d_asm_Cp.198411.hdf
198501, http://goldsmr3.sci.gsfc.nasa.gov/opendap/MERRA_MONTHLY/MAIMCPASM.5.2.0/1985/MERRA100.prod.assim.instM_3d_asm_Cp.198504.hdf
198502, http://goldsmr3.sci.gsfc.nasa.gov/opendap/MERRA_MONTHLY/MAIMCPASM.5.2.0/1985/MERRA100.prod.assim.instM_3d_asm_Cp.198503.hdf
198503, http://goldsmr3.sci.gsfc.nasa.gov/opendap/MERRA_MONTHLY/MAIMCPASM.5.2.0/1985/MERRA100.prod.assim.instM_3d_asm_Cp.198511.hdf
198504, http://goldsmr3.sci.gsfc.nasa.gov/opendap/MERRA_MONTHLY/MAIMCPASM.5.2.0/1985/MERRA100.prod.assim.instM_3d_asm_Cp.198510.hdf
198505, http://goldsmr3.sci.gsfc.nasa.gov/opendap/MERRA_MONTHLY/MAIMCPASM.5.2.0/1985/MERRA100.prod.assim.instM_3d_asm_Cp.198501.hdf
198506, http://goldsmr3.sci.gsfc.nasa.gov/opendap/MERRA_MONTHLY/MAIMCPASM.5.2.0/1985/MERRA100.prod.assim.instM_3d_asm_Cp.198506.hdf
198507, http://goldsmr3.sci.gsfc.nasa.gov/opendap/MERRA_MONTHLY/MAIMCPASM.5.2.0/1985/MERRA100.prod.assim.instM_3d_asm_Cp.198512.hdf
198508, http://goldsmr3.sci.gsfc.nasa.gov/opendap/MERRA_MONTHLY/MAIMCPASM.5.2.0/1985/MERRA100.prod.assim.instM_3d_asm_Cp.198508.hdf
198509, http://goldsmr3.sci.gsfc.nasa.gov/opendap/MERRA_MONTHLY/MAIMCPASM.5.2.0/1985/MERRA100.prod.assim.instM_3d_asm_Cp.198507.hdf
198510, http://goldsmr3.sci.gsfc.nasa.gov/opendap/MERRA_MONTHLY/MAIMCPASM.5.2.0/1985/MERRA100.prod.assim.instM_3d_asm_Cp.198502.hdf
198511, http://goldsmr3.sci.gsfc.nasa.gov/opendap/MERRA_MONTHLY/MAIMCPASM.5.2.0/1985/MERRA100.prod.assim.instM_3d_asm_Cp.198509.hdf
198512, http://goldsmr3.sci.gsfc.nasa.gov/opendap/MERRA_MONTHLY/MAIMCPASM.5.2.0/1985/MERRA100.prod.assim.instM_3d_asm_Cp.198505.hdf
198601, http://goldsmr3.sci.gsfc.nasa.gov/opendap/MERRA_MONTHLY/MAIMCPASM.5.2.0/1986/MERRA100.prod.assim.instM_3d_asm_Cp.198604.hdf
198602, http://goldsmr3.sci.gsfc.nasa.gov/opendap/MERRA_MONTHLY/MAIMCPASM.5.2.0/1986/MERRA100.prod.assim.instM_3d_asm_Cp.198601.hdf
198603, http://goldsmr3.sci.gsfc.nasa.gov/opendap/MERRA_MONTHLY/MAIMCPASM.5.2.0/1986/MERRA100.prod.assim.instM_3d_asm_Cp.198606.hdf
198604, http://goldsmr3.sci.gsfc.nasa.gov/opendap/MERRA_MONTHLY/MAIMCPASM.5.2.0/1986/MERRA100.prod.assim.instM_3d_asm_Cp.198611.hdf
198605, http://goldsmr3.sci.gsfc.nasa.gov/opendap/MERRA_MONTHLY/MAIMCPASM.5.2.0/1986/MERRA100.prod.assim.instM_3d_asm_Cp.198608.hdf
198606, http://goldsmr3.sci.gsfc.nasa.gov/opendap/MERRA_MONTHLY/MAIMCPASM.5.2.0/1986/MERRA100.prod.assim.instM_3d_asm_Cp.198607.hdf
198607, http://goldsmr3.sci.gsfc.nasa.gov/opendap/MERRA_MONTHLY/MAIMCPASM.5.2.0/1986/MERRA100.prod.assim.instM_3d_asm_Cp.198612.hdf
198608, http://goldsmr3.sci.gsfc.nasa.gov/opendap/MERRA_MONTHLY/MAIMCPASM.5.2.0/1986/MERRA100.prod.assim.instM_3d_asm_Cp.198603.hdf
198609, http://goldsmr3.sci.gsfc.nasa.gov/opendap/MERRA_MONTHLY/MAIMCPASM.5.2.0/1986/MERRA100.prod.assim.instM_3d_asm_Cp.198610.hdf
198610, http://goldsmr3.sci.gsfc.nasa.gov/opendap/MERRA_MONTHLY/MAIMCPASM.5.2.0/1986/MERRA100.prod.assim.instM_3d_asm_Cp.198609.hdf
198611, http://goldsmr3.sci.gsfc.nasa.gov/opendap/MERRA_MONTHLY/MAIMCPASM.5.2.0/1986/MERRA100.prod.assim.instM_3d_asm_Cp.198602.hdf
198612, http://goldsmr3.sci.gsfc.nasa.gov/opendap/MERRA_MONTHLY/MAIMCPASM.5.2.0/1986/MERRA100.prod.assim.instM_3d_asm_Cp.198605.hdf
198701, http://goldsmr3.sci.gsfc.nasa.gov/opendap/MERRA_MONTHLY/MAIMCPASM.5.2.0/1987/MERRA100.prod.assim.instM_3d_asm_Cp.198702.hdf
198702, http://goldsmr3.sci.gsfc.nasa.gov/opendap/MERRA_MONTHLY/MAIMCPASM.5.2.0/1987/MERRA100.prod.assim.instM_3d_asm_Cp.198711.hdf
198703, http://goldsmr3.sci.gsfc.nasa.gov/opendap/MERRA_MONTHLY/MAIMCPASM.5.2.0/1987/MERRA100.prod.assim.instM_3d_asm_Cp.198703.hdf
198704, http://goldsmr3.sci.gsfc.nasa.gov/opendap/MERRA_MONTHLY/MAIMCPASM.5.2.0/1987/MERRA100.prod.assim.instM_3d_asm_Cp.198709.hdf
198705, http://goldsmr3.sci.gsfc.nasa.gov/opendap/MERRA_MONTHLY/MAIMCPASM.5.2.0/1987/MERRA100.prod.assim.instM_3d_asm_Cp.198704.hdf
198706, http://goldsmr3.sci.gsfc.nasa.gov/opendap/MERRA_MONTHLY/MAIMCPASM.5.2.0/1987/MERRA100.prod.assim.instM_3d_asm_Cp.198705.hdf
198707, http://goldsmr3.sci.gsfc.nasa.gov/opendap/MERRA_MONTHLY/MAIMCPASM.5.2.0/1987/MERRA100.prod.assim.instM_3d_asm_Cp.198707.hdf
198708, http://goldsmr3.sci.gsfc.nasa.gov/opendap/MERRA_MONTHLY/MAIMCPASM.5.2.0/1987/MERRA100.prod.assim.instM_3d_asm_Cp.198708.hdf
198709, http://goldsmr3.sci.gsfc.nasa.gov/opendap/MERRA_MONTHLY/MAIMCPASM.5.2.0/1987/MERRA100.prod.assim.instM_3d_asm_Cp.198710.hdf
198710, http://goldsmr3.sci.gsfc.nasa.gov/opendap/MERRA_MONTHLY/MAIMCPASM.5.2.0/1987/MERRA100.prod.assim.instM_3d_asm_Cp.198706.hdf
198711, http://goldsmr3.sci.gsfc.nasa.gov/opendap/MERRA_MONTHLY/MAIMCPASM.5.2.0/1987/MERRA100.prod.assim.instM_3d_asm_Cp.198701.hdf
198712, http://goldsmr3.sci.gsfc.nasa.gov/opendap/MERRA_MONTHLY/MAIMCPASM.5.2.0/1987/MERRA100.prod.assim.instM_3d_asm_Cp.198712.hdf
198801, http://goldsmr3.sci.gsfc.nasa.gov/opendap/MERRA_MONTHLY/MAIMCPASM.5.2.0/1988/MERRA100.prod.assim.instM_3d_asm_Cp.198810.hdf
198802, http://goldsmr3.sci.gsfc.nasa.gov/opendap/MERRA_MONTHLY/MAIMCPASM.5.2.0/1988/MERRA100.prod.assim.instM_3d_asm_Cp.198808.hdf
198803, http://goldsmr3.sci.gsfc.nasa.gov/opendap/MERRA_MONTHLY/MAIMCPASM.5.2.0/1988/MERRA100.prod.assim.instM_3d_asm_Cp.198812.hdf
198804, http://goldsmr3.sci.gsfc.nasa.gov/opendap/MERRA_MONTHLY/MAIMCPASM.5.2.0/1988/MERRA100.prod.assim.instM_3d_asm_Cp.198801.hdf
198805, http://goldsmr3.sci.gsfc.nasa.gov/opendap/MERRA_MONTHLY/MAIMCPASM.5.2.0/1988/MERRA100.prod.assim.instM_3d_asm_Cp.198806.hdf
198806, http://goldsmr3.sci.gsfc.nasa.gov/opendap/MERRA_MONTHLY/MAIMCPASM.5.2.0/1988/MERRA100.prod.assim.instM_3d_asm_Cp.198805.hdf
198807, http://goldsmr3.sci.gsfc.nasa.gov/opendap/MERRA_MONTHLY/MAIMCPASM.5.2.0/1988/MERRA100.prod.assim.instM_3d_asm_Cp.198804.hdf
198808, http://goldsmr3.sci.gsfc.nasa.gov/opendap/MERRA_MONTHLY/MAIMCPASM.5.2.0/1988/MERRA100.prod.assim.instM_3d_asm_Cp.198809.hdf
198809, http://goldsmr3.sci.gsfc.nasa.gov/opendap/MERRA_MONTHLY/MAIMCPASM.5.2.0/1988/MERRA100.prod.assim.instM_3d_asm_Cp.198803.hdf
198810, http://goldsmr3.sci.gsfc.nasa.gov/opendap/MERRA_MONTHLY/MAIMCPASM.5.2.0/1988/MERRA100.prod.assim.instM_3d_asm_Cp.198811.hdf
198811, http://goldsmr3.sci.gsfc.nasa.gov/opendap/MERRA_MONTHLY/MAIMCPASM.5.2.0/1988/MERRA100.prod.assim.instM_3d_asm_Cp.198802.hdf
198812, http://goldsmr3.sci.gsfc.nasa.gov/opendap/MERRA_MONTHLY/MAIMCPASM.5.2.0/1988/MERRA100.prod.assim.instM_3d_asm_Cp.198807.hdf
198901, http://goldsmr3.sci.gsfc.nasa.gov/opendap/MERRA_MONTHLY/MAIMCPASM.5.2.0/1989/MERRA100.prod.assim.instM_3d_asm_Cp.198903.hdf
198902, http://goldsmr3.sci.gsfc.nasa.gov/opendap/MERRA_MONTHLY/MAIMCPASM.5.2.0/1989/MERRA100.prod.assim.instM_3d_asm_Cp.198906.hdf
198903, http://goldsmr3.sci.gsfc.nasa.gov/opendap/MERRA_MONTHLY/MAIMCPASM.5.2.0/1989/MERRA100.prod.assim.instM_3d_asm_Cp.198912.hdf
198904, http://goldsmr3.sci.gsfc.nasa.gov/opendap/MERRA_MONTHLY/MAIMCPASM.5.2.0/1989/MERRA100.prod.assim.instM_3d_asm_Cp.198901.hdf
198905, http://goldsmr3.sci.gsfc.nasa.gov/opendap/MERRA_MONTHLY/MAIMCPASM.5.2.0/1989/MERRA100.prod.assim.instM_3d_asm_Cp.198910.hdf
198906, http://goldsmr3.sci.gsfc.nasa.gov/opendap/MERRA_MONTHLY/MAIMCPASM.5.2.0/1989/MERRA100.prod.assim.instM_3d_asm_Cp.198908.hdf
198907, http://goldsmr3.sci.gsfc.nasa.gov/opendap/MERRA_MONTHLY/MAIMCPASM.5.2.0/1989/MERRA100.prod.assim.instM_3d_asm_Cp.198911.hdf
198908, http://goldsmr3.sci.gsfc.nasa.gov/opendap/MERRA_MONTHLY/MAIMCPASM.5.2.0/1989/MERRA100.prod.assim.instM_3d_asm_Cp.198907.hdf
198909, http://goldsmr3.sci.gsfc.nasa.gov/opendap/MERRA_MONTHLY/MAIMCPASM.5.2.0/1989/MERRA100.prod.assim.instM_3d_asm_Cp.198904.hdf
198910, http://goldsmr3.sci.gsfc.nasa.gov/opendap/MERRA_MONTHLY/MAIMCPASM.5.2.0/1989/MERRA100.prod.assim.instM_3d_asm_Cp.198905.hdf
198911, http://goldsmr3.sci.gsfc.nasa.gov/opendap/MERRA_MONTHLY/MAIMCPASM.5.2.0/1989/MERRA100.prod.assim.instM_3d_asm_Cp.198902.hdf
198912, http://goldsmr3.sci.gsfc.nasa.gov/opendap/MERRA_MONTHLY/MAIMCPASM.5.2.0/1989/MERRA100.prod.assim.instM_3d_asm_Cp.198909.hdf
199001, http://goldsmr3.sci.gsfc.nasa.gov/opendap/MERRA_MONTHLY/MAIMCPASM.5.2.0/1990/MERRA100.prod.assim.instM_3d_asm_Cp.199006.hdf
199002, http://goldsmr3.sci.gsfc.nasa.gov/opendap/MERRA_MONTHLY/MAIMCPASM.5.2.0/1990/MERRA100.prod.assim.instM_3d_asm_Cp.199007.hdf
199003, http://goldsmr3.sci.gsfc.nasa.gov/opendap/MERRA_MONTHLY/MAIMCPASM.5.2.0/1990/MERRA100.prod.assim.instM_3d_asm_Cp.199011.hdf
199004, http://goldsmr3.sci.gsfc.nasa.gov/opendap/MERRA_MONTHLY/MAIMCPASM.5.2.0/1990/MERRA100.prod.assim.instM_3d_asm_Cp.199001.hdf
199005, http://goldsmr3.sci.gsfc.nasa.gov/opendap/MERRA_MONTHLY/MAIMCPASM.5.2.0/1990/MERRA100.prod.assim.instM_3d_asm_Cp.199004.hdf
199006, http://goldsmr3.sci.gsfc.nasa.gov/opendap/MERRA_MONTHLY/MAIMCPASM.5.2.0/1990/MERRA100.prod.assim.instM_3d_asm_Cp.199008.hdf
199007, http://goldsmr3.sci.gsfc.nasa.gov/opendap/MERRA_MONTHLY/MAIMCPASM.5.2.0/1990/MERRA100.prod.assim.instM_3d_asm_Cp.199003.hdf
199008, http://goldsmr3.sci.gsfc.nasa.gov/opendap/MERRA_MONTHLY/MAIMCPASM.5.2.0/1990/MERRA100.prod.assim.instM_3d_asm_Cp.199009.hdf
199009, http://goldsmr3.sci.gsfc.nasa.gov/opendap/MERRA_MONTHLY/MAIMCPASM.5.2.0/1990/MERRA100.prod.assim.instM_3d_asm_Cp.199012.hdf
199010, http://goldsmr3.sci.gsfc.nasa.gov/opendap/MERRA_MONTHLY/MAIMCPASM.5.2.0/1990/MERRA100.prod.assim.instM_3d_asm_Cp.199010.hdf
199011, http://goldsmr3.sci.gsfc.nasa.gov/opendap/MERRA_MONTHLY/MAIMCPASM.5.2.0/1990/MERRA100.prod.assim.instM_3d_asm_Cp.199002.hdf
199012, http://goldsmr3.sci.gsfc.nasa.gov/opendap/MERRA_MONTHLY/MAIMCPASM.5.2.0/1990/MERRA100.prod.assim.instM_3d_asm_Cp.199005.hdf
199101, http://goldsmr3.sci.gsfc.nasa.gov/opendap/MERRA_MONTHLY/MAIMCPASM.5.2.0/1991/MERRA100.prod.assim.instM_3d_asm_Cp.199110.hdf
199102, http://goldsmr3.sci.gsfc.nasa.gov/opendap/MERRA_MONTHLY/MAIMCPASM.5.2.0/1991/MERRA100.prod.assim.instM_3d_asm_Cp.199105.hdf
199103, http://goldsmr3.sci.gsfc.nasa.gov/opendap/MERRA_MONTHLY/MAIMCPASM.5.2.0/1991/MERRA100.prod.assim.instM_3d_asm_Cp.199111.hdf
199104, http://goldsmr3.sci.gsfc.nasa.gov/opendap/MERRA_MONTHLY/MAIMCPASM.5.2.0/1991/MERRA100.prod.assim.instM_3d_asm_Cp.199102.hdf
199105, http://goldsmr3.sci.gsfc.nasa.gov/opendap/MERRA_MONTHLY/MAIMCPASM.5.2.0/1991/MERRA100.prod.assim.instM_3d_asm_Cp.199112.hdf
199106, http://goldsmr3.sci.gsfc.nasa.gov/opendap/MERRA_MONTHLY/MAIMCPASM.5.2.0/1991/MERRA100.prod.assim.instM_3d_asm_Cp.199103.hdf
199107, http://goldsmr3.sci.gsfc.nasa.gov/opendap/MERRA_MONTHLY/MAIMCPASM.5.2.0/1991/MERRA100.prod.assim.instM_3d_asm_Cp.199104.hdf
199108, http://goldsmr3.sci.gsfc.nasa.gov/opendap/MERRA_MONTHLY/MAIMCPASM.5.2.0/1991/MERRA100.prod.assim.instM_3d_asm_Cp.199109.hdf
199109, http://goldsmr3.sci.gsfc.nasa.gov/opendap/MERRA_MONTHLY/MAIMCPASM.5.2.0/1991/MERRA100.prod.assim.instM_3d_asm_Cp.199107.hdf
199110, http://goldsmr3.sci.gsfc.nasa.gov/opendap/MERRA_MONTHLY/MAIMCPASM.5.2.0/1991/MERRA100.prod.assim.instM_3d_asm_Cp.199108.hdf
199111, http://goldsmr3.sci.gsfc.nasa.gov/opendap/MERRA_MONTHLY/MAIMCPASM.5.2.0/1991/MERRA100.prod.assim.instM_3d_asm_Cp.199106.hdf
199112, http://goldsmr3.sci.gsfc.nasa.gov/opendap/MERRA_MONTHLY/MAIMCPASM.5.2.0/1991/MERRA100.prod.assim.instM_3d_asm_Cp.199101.hdf
199201, http://goldsmr3.sci.gsfc.nasa.gov/opendap/MERRA_MONTHLY/MAIMCPASM.5.2.0/1992/MERRA100.prod.assim.instM_3d_asm_Cp.199209.hdf
199202, http://goldsmr3.sci.gsfc.nasa.gov/opendap/MERRA_MONTHLY/MAIMCPASM.5.2.0/1992/MERRA100.prod.assim.instM_3d_asm_Cp.199207.hdf
199203, http://goldsmr3.sci.gsfc.nasa.gov/opendap/MERRA_MONTHLY/MAIMCPASM.5.2.0/1992/MERRA100.prod.assim.instM_3d_asm_Cp.199210.hdf
199204, http://goldsmr3.sci.gsfc.nasa.gov/opendap/MERRA_MONTHLY/MAIMCPASM.5.2.0/1992/MERRA100.prod.assim.instM_3d_asm_Cp.199204.hdf
199205, http://goldsmr3.sci.gsfc.nasa.gov/opendap/MERRA_MONTHLY/MAIMCPASM.5.2.0/1992/MERRA100.prod.assim.instM_3d_asm_Cp.199212.hdf
199206, http://goldsmr3.sci.gsfc.nasa.gov/opendap/MERRA_MONTHLY/MAIMCPASM.5.2.0/1992/MERRA100.prod.assim.instM_3d_asm_Cp.199205.hdf
199207, http://goldsmr3.sci.gsfc.nasa.gov/opendap/MERRA_MONTHLY/MAIMCPASM.5.2.0/1992/MERRA100.prod.assim.instM_3d_asm_Cp.199208.hdf
199208, http://goldsmr3.sci.gsfc.nasa.gov/opendap/MERRA_MONTHLY/MAIMCPASM.5.2.0/1992/MERRA100.prod.assim.instM_3d_asm_Cp.199202.hdf
199209, http://goldsmr3.sci.gsfc.nasa.gov/opendap/MERRA_MONTHLY/MAIMCPASM.5.2.0/1992/MERRA100.prod.assim.instM_3d_asm_Cp.199203.hdf
199210, http://goldsmr3.sci.gsfc.nasa.gov/opendap/MERRA_MONTHLY/MAIMCPASM.5.2.0/1992/MERRA100.prod.assim.instM_3d_asm_Cp.199206.hdf
199211, http://goldsmr3.sci.gsfc.nasa.gov/opendap/MERRA_MONTHLY/MAIMCPASM.5.2.0/1992/MERRA100.prod.assim.instM_3d_asm_Cp.199211.hdf
199212, http://goldsmr3.sci.gsfc.nasa.gov/opendap/MERRA_MONTHLY/MAIMCPASM.5.2.0/1992/MERRA100.prod.assim.instM_3d_asm_Cp.199201.hdf
199301, http://goldsmr3.sci.gsfc.nasa.gov/opendap/MERRA_MONTHLY/MAIMCPASM.5.2.0/1993/MERRA200.prod.assim.instM_3d_asm_Cp.199306.hdf
199302, http://goldsmr3.sci.gsfc.nasa.gov/opendap/MERRA_MONTHLY/MAIMCPASM.5.2.0/1993/MERRA200.prod.assim.instM_3d_asm_Cp.199307.hdf
199303, http://goldsmr3.sci.gsfc.nasa.gov/opendap/MERRA_MONTHLY/MAIMCPASM.5.2.0/1993/MERRA200.prod.assim.instM_3d_asm_Cp.199301.hdf
199304, http://goldsmr3.sci.gsfc.nasa.gov/opendap/MERRA_MONTHLY/MAIMCPASM.5.2.0/1993/MERRA200.prod.assim.instM_3d_asm_Cp.199304.hdf
199305, http://goldsmr3.sci.gsfc.nasa.gov/opendap/MERRA_MONTHLY/MAIMCPASM.5.2.0/1993/MERRA200.prod.assim.instM_3d_asm_Cp.199308.hdf
199306, http://goldsmr3.sci.gsfc.nasa.gov/opendap/MERRA_MONTHLY/MAIMCPASM.5.2.0/1993/MERRA200.prod.assim.instM_3d_asm_Cp.199303.hdf
199307, http://goldsmr3.sci.gsfc.nasa.gov/opendap/MERRA_MONTHLY/MAIMCPASM.5.2.0/1993/MERRA200.prod.assim.instM_3d_asm_Cp.199309.hdf
199308, http://goldsmr3.sci.gsfc.nasa.gov/opendap/MERRA_MONTHLY/MAIMCPASM.5.2.0/1993/MERRA200.prod.assim.instM_3d_asm_Cp.199311.hdf
199309, http://goldsmr3.sci.gsfc.nasa.gov/opendap/MERRA_MONTHLY/MAIMCPASM.5.2.0/1993/MERRA200.prod.assim.instM_3d_asm_Cp.199312.hdf
199310, http://goldsmr3.sci.gsfc.nasa.gov/opendap/MERRA_MONTHLY/MAIMCPASM.5.2.0/1993/MERRA200.prod.assim.instM_3d_asm_Cp.199310.hdf
199311, http://goldsmr3.sci.gsfc.nasa.gov/opendap/MERRA_MONTHLY/MAIMCPASM.5.2.0/1993/MERRA200.prod.assim.instM_3d_asm_Cp.199302.hdf
199312, http://goldsmr3.sci.gsfc.nasa.gov/opendap/MERRA_MONTHLY/MAIMCPASM.5.2.0/1993/MERRA200.prod.assim.instM_3d_asm_Cp.199305.hdf
199401, http://goldsmr3.sci.gsfc.nasa.gov/opendap/MERRA_MONTHLY/MAIMCPASM.5.2.0/1994/MERRA200.prod.assim.instM_3d_asm_Cp.199409.hdf
199402, http://goldsmr3.sci.gsfc.nasa.gov/opendap/MERRA_MONTHLY/MAIMCPASM.5.2.0/1994/MERRA200.prod.assim.instM_3d_asm_Cp.199408.hdf
199403, http://goldsmr3.sci.gsfc.nasa.gov/opendap/MERRA_MONTHLY/MAIMCPASM.5.2.0/1994/MERRA200.prod.assim.instM_3d_asm_Cp.199405.hdf
199404, http://goldsmr3.sci.gsfc.nasa.gov/opendap/MERRA_MONTHLY/MAIMCPASM.5.2.0/1994/MERRA200.prod.assim.instM_3d_asm_Cp.199402.hdf
199405, http://goldsmr3.sci.gsfc.nasa.gov/opendap/MERRA_MONTHLY/MAIMCPASM.5.2.0/1994/MERRA200.prod.assim.instM_3d_asm_Cp.199401.hdf
199406, http://goldsmr3.sci.gsfc.nasa.gov/opendap/MERRA_MONTHLY/MAIMCPASM.5.2.0/1994/MERRA200.prod.assim.instM_3d_asm_Cp.199412.hdf
199407, http://goldsmr3.sci.gsfc.nasa.gov/opendap/MERRA_MONTHLY/MAIMCPASM.5.2.0/1994/MERRA200.prod.assim.instM_3d_asm_Cp.199410.hdf
199408, http://goldsmr3.sci.gsfc.nasa.gov/opendap/MERRA_MONTHLY/MAIMCPASM.5.2.0/1994/MERRA200.prod.assim.instM_3d_asm_Cp.199407.hdf
199409, http://goldsmr3.sci.gsfc.nasa.gov/opendap/MERRA_MONTHLY/MAIMCPASM.5.2.0/1994/MERRA200.prod.assim.instM_3d_asm_Cp.199406.hdf
199410, http://goldsmr3.sci.gsfc.nasa.gov/opendap/MERRA_MONTHLY/MAIMCPASM.5.2.0/1994/MERRA200.prod.assim.instM_3d_asm_Cp.199403.hdf
199411, http://goldsmr3.sci.gsfc.nasa.gov/opendap/MERRA_MONTHLY/MAIMCPASM.5.2.0/1994/MERRA200.prod.assim.instM_3d_asm_Cp.199404.hdf
199412, http://goldsmr3.sci.gsfc.nasa.gov/opendap/MERRA_MONTHLY/MAIMCPASM.5.2.0/1994/MERRA200.prod.assim.instM_3d_asm_Cp.199411.hdf
199501, http://goldsmr3.sci.gsfc.nasa.gov/opendap/MERRA_MONTHLY/MAIMCPASM.5.2.0/1995/MERRA200.prod.assim.instM_3d_asm_Cp.199504.hdf
199502, http://goldsmr3.sci.gsfc.nasa.gov/opendap/MERRA_MONTHLY/MAIMCPASM.5.2.0/1995/MERRA200.prod.assim.instM_3d_asm_Cp.199503.hdf
199503, http://goldsmr3.sci.gsfc.nasa.gov/opendap/MERRA_MONTHLY/MAIMCPASM.5.2.0/1995/MERRA200.prod.assim.instM_3d_asm_Cp.199511.hdf
199504, http://goldsmr3.sci.gsfc.nasa.gov/opendap/MERRA_MONTHLY/MAIMCPASM.5.2.0/1995/MERRA200.prod.assim.instM_3d_asm_Cp.199510.hdf
199505, http://goldsmr3.sci.gsfc.nasa.gov/opendap/MERRA_MONTHLY/MAIMCPASM.5.2.0/1995/MERRA200.prod.assim.instM_3d_asm_Cp.199501.hdf
199506, http://goldsmr3.sci.gsfc.nasa.gov/opendap/MERRA_MONTHLY/MAIMCPASM.5.2.0/1995/MERRA200.prod.assim.instM_3d_asm_Cp.199506.hdf
199507, http://goldsmr3.sci.gsfc.nasa.gov/opendap/MERRA_MONTHLY/MAIMCPASM.5.2.0/1995/MERRA200.prod.assim.instM_3d_asm_Cp.199512.hdf
199508, http://goldsmr3.sci.gsfc.nasa.gov/opendap/MERRA_MONTHLY/MAIMCPASM.5.2.0/1995/MERRA200.prod.assim.instM_3d_asm_Cp.199508.hdf
199509, http://goldsmr3.sci.gsfc.nasa.gov/opendap/MERRA_MONTHLY/MAIMCPASM.5.2.0/1995/MERRA200.prod.assim.instM_3d_asm_Cp.199507.hdf
199510, http://goldsmr3.sci.gsfc.nasa.gov/opendap/MERRA_MONTHLY/MAIMCPASM.5.2.0/1995/MERRA200.prod.assim.instM_3d_asm_Cp.199502.hdf
199511, http://goldsmr3.sci.gsfc.nasa.gov/opendap/MERRA_MONTHLY/MAIMCPASM.5.2.0/1995/MERRA200.prod.assim.instM_3d_asm_Cp.199509.hdf
199512, http://goldsmr3.sci.gsfc.nasa.gov/opendap/MERRA_MONTHLY/MAIMCPASM.5.2.0/1995/MERRA200.prod.assim.instM_3d_asm_Cp.199505.hdf
199601, http://goldsmr3.sci.gsfc.nasa.gov/opendap/MERRA_MONTHLY/MAIMCPASM.5.2.0/1996/MERRA200.prod.assim.instM_3d_asm_Cp.199604.hdf
199602, http://goldsmr3.sci.gsfc.nasa.gov/opendap/MERRA_MONTHLY/MAIMCPASM.5.2.0/1996/MERRA200.prod.assim.instM_3d_asm_Cp.199601.hdf
199603, http://goldsmr3.sci.gsfc.nasa.gov/opendap/MERRA_MONTHLY/MAIMCPASM.5.2.0/1996/MERRA200.prod.assim.instM_3d_asm_Cp.199606.hdf
199604, http://goldsmr3.sci.gsfc.nasa.gov/opendap/MERRA_MONTHLY/MAIMCPASM.5.2.0/1996/MERRA200.prod.assim.instM_3d_asm_Cp.199611.hdf
199605, http://goldsmr3.sci.gsfc.nasa.gov/opendap/MERRA_MONTHLY/MAIMCPASM.5.2.0/1996/MERRA200.prod.assim.instM_3d_asm_Cp.199608.hdf
199606, http://goldsmr3.sci.gsfc.nasa.gov/opendap/MERRA_MONTHLY/MAIMCPASM.5.2.0/1996/MERRA200.prod.assim.instM_3d_asm_Cp.199607.hdf
199607, http://goldsmr3.sci.gsfc.nasa.gov/opendap/MERRA_MONTHLY/MAIMCPASM.5.2.0/1996/MERRA200.prod.assim.instM_3d_asm_Cp.199612.hdf
199608, http://goldsmr3.sci.gsfc.nasa.gov/opendap/MERRA_MONTHLY/MAIMCPASM.5.2.0/1996/MERRA200.prod.assim.instM_3d_asm_Cp.199603.hdf
199609, http://goldsmr3.sci.gsfc.nasa.gov/opendap/MERRA_MONTHLY/MAIMCPASM.5.2.0/1996/MERRA200.prod.assim.instM_3d_asm_Cp.199610.hdf
199610, http://goldsmr3.sci.gsfc.nasa.gov/opendap/MERRA_MONTHLY/MAIMCPASM.5.2.0/1996/MERRA200.prod.assim.instM_3d_asm_Cp.199609.hdf
199611, http://goldsmr3.sci.gsfc.nasa.gov/opendap/MERRA_MONTHLY/MAIMCPASM.5.2.0/1996/MERRA200.prod.assim.instM_3d_asm_Cp.199602.hdf
199612, http://goldsmr3.sci.gsfc.nasa.gov/opendap/MERRA_MONTHLY/MAIMCPASM.5.2.0/1996/MERRA200.prod.assim.instM_3d_asm_Cp.199605.hdf
199701, http://goldsmr3.sci.gsfc.nasa.gov/opendap/MERRA_MONTHLY/MAIMCPASM.5.2.0/1997/MERRA200.prod.assim.instM_3d_asm_Cp.199702.hdf
199702, http://goldsmr3.sci.gsfc.nasa.gov/opendap/MERRA_MONTHLY/MAIMCPASM.5.2.0/1997/MERRA200.prod.assim.instM_3d_asm_Cp.199711.hdf
199703, http://goldsmr3.sci.gsfc.nasa.gov/opendap/MERRA_MONTHLY/MAIMCPASM.5.2.0/1997/MERRA200.prod.assim.instM_3d_asm_Cp.199703.hdf
199704, http://goldsmr3.sci.gsfc.nasa.gov/opendap/MERRA_MONTHLY/MAIMCPASM.5.2.0/1997/MERRA200.prod.assim.instM_3d_asm_Cp.199709.hdf
199705, http://goldsmr3.sci.gsfc.nasa.gov/opendap/MERRA_MONTHLY/MAIMCPASM.5.2.0/1997/MERRA200.prod.assim.instM_3d_asm_Cp.199704.hdf
199706, http://goldsmr3.sci.gsfc.nasa.gov/opendap/MERRA_MONTHLY/MAIMCPASM.5.2.0/1997/MERRA200.prod.assim.instM_3d_asm_Cp.199705.hdf
199707, http://goldsmr3.sci.gsfc.nasa.gov/opendap/MERRA_MONTHLY/MAIMCPASM.5.2.0/1997/MERRA200.prod.assim.instM_3d_asm_Cp.199707.hdf
199708, http://goldsmr3.sci.gsfc.nasa.gov/opendap/MERRA_MONTHLY/MAIMCPASM.5.2.0/1997/MERRA200.prod.assim.instM_3d_asm_Cp.199708.hdf
199709, http://goldsmr3.sci.gsfc.nasa.gov/opendap/MERRA_MONTHLY/MAIMCPASM.5.2.0/1997/MERRA200.prod.assim.instM_3d_asm_Cp.199710.hdf
199710, http://goldsmr3.sci.gsfc.nasa.gov/opendap/MERRA_MONTHLY/MAIMCPASM.5.2.0/1997/MERRA200.prod.assim.instM_3d_asm_Cp.199712.hdf
199711, http://goldsmr3.sci.gsfc.nasa.gov/opendap/MERRA_MONTHLY/MAIMCPASM.5.2.0/1997/MERRA200.prod.assim.instM_3d_asm_Cp.199706.hdf
199712, http://goldsmr3.sci.gsfc.nasa.gov/opendap/MERRA_MONTHLY/MAIMCPASM.5.2.0/1997/MERRA200.prod.assim.instM_3d_asm_Cp.199701.hdf
199801, http://goldsmr3.sci.gsfc.nasa.gov/opendap/MERRA_MONTHLY/MAIMCPASM.5.2.0/1998/MERRA200.prod.assim.instM_3d_asm_Cp.199810.hdf
199802, http://goldsmr3.sci.gsfc.nasa.gov/opendap/MERRA_MONTHLY/MAIMCPASM.5.2.0/1998/MERRA200.prod.assim.instM_3d_asm_Cp.199808.hdf
199803, http://goldsmr3.sci.gsfc.nasa.gov/opendap/MERRA_MONTHLY/MAIMCPASM.5.2.0/1998/MERRA200.prod.assim.instM_3d_asm_Cp.199812.hdf
199804, http://goldsmr3.sci.gsfc.nasa.gov/opendap/MERRA_MONTHLY/MAIMCPASM.5.2.0/1998/MERRA200.prod.assim.instM_3d_asm_Cp.199801.hdf
199805, http://goldsmr3.sci.gsfc.nasa.gov/opendap/MERRA_MONTHLY/MAIMCPASM.5.2.0/1998/MERRA200.prod.assim.instM_3d_asm_Cp.199806.hdf
199806, http://goldsmr3.sci.gsfc.nasa.gov/opendap/MERRA_MONTHLY/MAIMCPASM.5.2.0/1998/MERRA200.prod.assim.instM_3d_asm_Cp.199805.hdf
199807, http://goldsmr3.sci.gsfc.nasa.gov/opendap/MERRA_MONTHLY/MAIMCPASM.5.2.0/1998/MERRA200.prod.assim.instM_3d_asm_Cp.199804.hdf
199808, http://goldsmr3.sci.gsfc.nasa.gov/opendap/MERRA_MONTHLY/MAIMCPASM.5.2.0/1998/MERRA200.prod.assim.instM_3d_asm_Cp.199809.hdf
199809, http://goldsmr3.sci.gsfc.nasa.gov/opendap/MERRA_MONTHLY/MAIMCPASM.5.2.0/1998/MERRA200.prod.assim.instM_3d_asm_Cp.199803.hdf
199810, http://goldsmr3.sci.gsfc.nasa.gov/opendap/MERRA_MONTHLY/MAIMCPASM.5.2.0/1998/MERRA200.prod.assim.instM_3d_asm_Cp.199811.hdf
199811, http://goldsmr3.sci.gsfc.nasa.gov/opendap/MERRA_MONTHLY/MAIMCPASM.5.2.0/1998/MERRA200.prod.assim.instM_3d_asm_Cp.199802.hdf
199812, http://goldsmr3.sci.gsfc.nasa.gov/opendap/MERRA_MONTHLY/MAIMCPASM.5.2.0/1998/MERRA200.prod.assim.instM_3d_asm_Cp.199807.hdf
199901, http://goldsmr3.sci.gsfc.nasa.gov/opendap/MERRA_MONTHLY/MAIMCPASM.5.2.0/1999/MERRA200.prod.assim.instM_3d_asm_Cp.199903.hdf
199902, http://goldsmr3.sci.gsfc.nasa.gov/opendap/MERRA_MONTHLY/MAIMCPASM.5.2.0/1999/MERRA200.prod.assim.instM_3d_asm_Cp.199906.hdf
199903, http://goldsmr3.sci.gsfc.nasa.gov/opendap/MERRA_MONTHLY/MAIMCPASM.5.2.0/1999/MERRA200.prod.assim.instM_3d_asm_Cp.199912.hdf
199904, http://goldsmr3.sci.gsfc.nasa.gov/opendap/MERRA_MONTHLY/MAIMCPASM.5.2.0/1999/MERRA200.prod.assim.instM_3d_asm_Cp.199901.hdf
199905, http://goldsmr3.sci.gsfc.nasa.gov/opendap/MERRA_MONTHLY/MAIMCPASM.5.2.0/1999/MERRA200.prod.assim.instM_3d_asm_Cp.199908.hdf
199906, http://goldsmr3.sci.gsfc.nasa.gov/opendap/MERRA_MONTHLY/MAIMCPASM.5.2.0/1999/MERRA200.prod.assim.instM_3d_asm_Cp.199911.hdf
199907, http://goldsmr3.sci.gsfc.nasa.gov/opendap/MERRA_MONTHLY/MAIMCPASM.5.2.0/1999/MERRA200.prod.assim.instM_3d_asm_Cp.199907.hdf
199908, http://goldsmr3.sci.gsfc.nasa.gov/opendap/MERRA_MONTHLY/MAIMCPASM.5.2.0/1999/MERRA200.prod.assim.instM_3d_asm_Cp.199910.hdf
199909, http://goldsmr3.sci.gsfc.nasa.gov/opendap/MERRA_MONTHLY/MAIMCPASM.5.2.0/1999/MERRA200.prod.assim.instM_3d_asm_Cp.199904.hdf
199910, http://goldsmr3.sci.gsfc.nasa.gov/opendap/MERRA_MONTHLY/MAIMCPASM.5.2.0/1999/MERRA200.prod.assim.instM_3d_asm_Cp.199905.hdf
199911, http://goldsmr3.sci.gsfc.nasa.gov/opendap/MERRA_MONTHLY/MAIMCPASM.5.2.0/1999/MERRA200.prod.assim.instM_3d_asm_Cp.199902.hdf
199912, http://goldsmr3.sci.gsfc.nasa.gov/opendap/MERRA_MONTHLY/MAIMCPASM.5.2.0/1999/MERRA200.prod.assim.instM_3d_asm_Cp.199909.hdf
200001, http://goldsmr3.sci.gsfc.nasa.gov/opendap/MERRA_MONTHLY/MAIMCPASM.5.2.0/2000/MERRA200.prod.assim.instM_3d_asm_Cp.200001.hdf
200002, http://goldsmr3.sci.gsfc.nasa.gov/opendap/MERRA_MONTHLY/MAIMCPASM.5.2.0/2000/MERRA200.prod.assim.instM_3d_asm_Cp.200004.hdf
200003, http://goldsmr3.sci.gsfc.nasa.gov/opendap/MERRA_MONTHLY/MAIMCPASM.5.2.0/2000/MERRA200.prod.assim.instM_3d_asm_Cp.200003.hdf
200004, http://goldsmr3.sci.gsfc.nasa.gov/opendap/MERRA_MONTHLY/MAIMCPASM.5.2.0/2000/MERRA200.prod.assim.instM_3d_asm_Cp.200011.hdf
200005, http://goldsmr3.sci.gsfc.nasa.gov/opendap/MERRA_MONTHLY/MAIMCPASM.5.2.0/2000/MERRA200.prod.assim.instM_3d_asm_Cp.200010.hdf
200006, http://goldsmr3.sci.gsfc.nasa.gov/opendap/MERRA_MONTHLY/MAIMCPASM.5.2.0/2000/MERRA200.prod.assim.instM_3d_asm_Cp.200002.hdf
200007, http://goldsmr3.sci.gsfc.nasa.gov/opendap/MERRA_MONTHLY/MAIMCPASM.5.2.0/2000/MERRA200.prod.assim.instM_3d_asm_Cp.200005.hdf
200008, http://goldsmr3.sci.gsfc.nasa.gov/opendap/MERRA_MONTHLY/MAIMCPASM.5.2.0/2000/MERRA200.prod.assim.instM_3d_asm_Cp.200008.hdf
200009, http://goldsmr3.sci.gsfc.nasa.gov/opendap/MERRA_MONTHLY/MAIMCPASM.5.2.0/2000/MERRA200.prod.assim.instM_3d_asm_Cp.200006.hdf
200010, http://goldsmr3.sci.gsfc.nasa.gov/opendap/MERRA_MONTHLY/MAIMCPASM.5.2.0/2000/MERRA200.prod.assim.instM_3d_asm_Cp.200009.hdf
200011, http://goldsmr3.sci.gsfc.nasa.gov/opendap/MERRA_MONTHLY/MAIMCPASM.5.2.0/2000/MERRA200.prod.assim.instM_3d_asm_Cp.200012.hdf
200012, http://goldsmr3.sci.gsfc.nasa.gov/opendap/MERRA_MONTHLY/MAIMCPASM.5.2.0/2000/MERRA200.prod.assim.instM_3d_asm_Cp.200007.hdf
200101, http://goldsmr3.sci.gsfc.nasa.gov/opendap/MERRA_MONTHLY/MAIMCPASM.5.2.0/2001/MERRA300.prod.assim.instM_3d_asm_Cp.200112.hdf
200102, http://goldsmr3.sci.gsfc.nasa.gov/opendap/MERRA_MONTHLY/MAIMCPASM.5.2.0/2001/MERRA300.prod.assim.instM_3d_asm_Cp.200111.hdf
200103, http://goldsmr3.sci.gsfc.nasa.gov/opendap/MERRA_MONTHLY/MAIMCPASM.5.2.0/2001/MERRA300.prod.assim.instM_3d_asm_Cp.200108.hdf
200104, http://goldsmr3.sci.gsfc.nasa.gov/opendap/MERRA_MONTHLY/MAIMCPASM.5.2.0/2001/MERRA300.prod.assim.instM_3d_asm_Cp.200106.hdf
200105, http://goldsmr3.sci.gsfc.nasa.gov/opendap/MERRA_MONTHLY/MAIMCPASM.5.2.0/2001/MERRA300.prod.assim.instM_3d_asm_Cp.200101.hdf
200106, http://goldsmr3.sci.gsfc.nasa.gov/opendap/MERRA_MONTHLY/MAIMCPASM.5.2.0/2001/MERRA300.prod.assim.instM_3d_asm_Cp.200110.hdf
200107, http://goldsmr3.sci.gsfc.nasa.gov/opendap/MERRA_MONTHLY/MAIMCPASM.5.2.0/2001/MERRA300.prod.assim.instM_3d_asm_Cp.200102.hdf
200108, http://goldsmr3.sci.gsfc.nasa.gov/opendap/MERRA_MONTHLY/MAIMCPASM.5.2.0/2001/MERRA300.prod.assim.instM_3d_asm_Cp.200103.hdf
200109, http://goldsmr3.sci.gsfc.nasa.gov/opendap/MERRA_MONTHLY/MAIMCPASM.5.2.0/2001/MERRA300.prod.assim.instM_3d_asm_Cp.200109.hdf
200110, http://goldsmr3.sci.gsfc.nasa.gov/opendap/MERRA_MONTHLY/MAIMCPASM.5.2.0/2001/MERRA300.prod.assim.instM_3d_asm_Cp.200104.hdf
200111, http://goldsmr3.sci.gsfc.nasa.gov/opendap/MERRA_MONTHLY/MAIMCPASM.5.2.0/2001/MERRA300.prod.assim.instM_3d_asm_Cp.200105.hdf
200112, http://goldsmr3.sci.gsfc.nasa.gov/opendap/MERRA_MONTHLY/MAIMCPASM.5.2.0/2001/MERRA300.prod.assim.instM_3d_asm_Cp.200107.hdf
200201, http://goldsmr3.sci.gsfc.nasa.gov/opendap/MERRA_MONTHLY/MAIMCPASM.5.2.0/2002/MERRA300.prod.assim.instM_3d_asm_Cp.200206.hdf
200202, http://goldsmr3.sci.gsfc.nasa.gov/opendap/MERRA_MONTHLY/MAIMCPASM.5.2.0/2002/MERRA300.prod.assim.instM_3d_asm_Cp.200203.hdf
200203, http://goldsmr3.sci.gsfc.nasa.gov/opendap/MERRA_MONTHLY/MAIMCPASM.5.2.0/2002/MERRA300.prod.assim.instM_3d_asm_Cp.200204.hdf
200204, http://goldsmr3.sci.gsfc.nasa.gov/opendap/MERRA_MONTHLY/MAIMCPASM.5.2.0/2002/MERRA300.prod.assim.instM_3d_asm_Cp.200210.hdf
200205, http://goldsmr3.sci.gsfc.nasa.gov/opendap/MERRA_MONTHLY/MAIMCPASM.5.2.0/2002/MERRA300.prod.assim.instM_3d_asm_Cp.200209.hdf
200206, http://goldsmr3.sci.gsfc.nasa.gov/opendap/MERRA_MONTHLY/MAIMCPASM.5.2.0/2002/MERRA300.prod.assim.instM_3d_asm_Cp.200212.hdf
200207, http://goldsmr3.sci.gsfc.nasa.gov/opendap/MERRA_MONTHLY/MAIMCPASM.5.2.0/2002/MERRA300.prod.assim.instM_3d_asm_Cp.200208.hdf
200208, http://goldsmr3.sci.gsfc.nasa.gov/opendap/MERRA_MONTHLY/MAIMCPASM.5.2.0/2002/MERRA300.prod.assim.instM_3d_asm_Cp.200205.hdf
200209, http://goldsmr3.sci.gsfc.nasa.gov/opendap/MERRA_MONTHLY/MAIMCPASM.5.2.0/2002/MERRA300.prod.assim.instM_3d_asm_Cp.200202.hdf
200210, http://goldsmr3.sci.gsfc.nasa.gov/opendap/MERRA_MONTHLY/MAIMCPASM.5.2.0/2002/MERRA300.prod.assim.instM_3d_asm_Cp.200201.hdf
200211, http://goldsmr3.sci.gsfc.nasa.gov/opendap/MERRA_MONTHLY/MAIMCPASM.5.2.0/2002/MERRA300.prod.assim.instM_3d_asm_Cp.200207.hdf
200212, http://goldsmr3.sci.gsfc.nasa.gov/opendap/MERRA_MONTHLY/MAIMCPASM.5.2.0/2002/MERRA300.prod.assim.instM_3d_asm_Cp.200211.hdf
200301, http://goldsmr3.sci.gsfc.nasa.gov/opendap/MERRA_MONTHLY/MAIMCPASM.5.2.0/2003/MERRA300.prod.assim.instM_3d_asm_Cp.200310.hdf
200302, http://goldsmr3.sci.gsfc.nasa.gov/opendap/MERRA_MONTHLY/MAIMCPASM.5.2.0/2003/MERRA300.prod.assim.instM_3d_asm_Cp.200301.hdf
200303, http://goldsmr3.sci.gsfc.nasa.gov/opendap/MERRA_MONTHLY/MAIMCPASM.5.2.0/2003/MERRA300.prod.assim.instM_3d_asm_Cp.200306.hdf
200304, http://goldsmr3.sci.gsfc.nasa.gov/opendap/MERRA_MONTHLY/MAIMCPASM.5.2.0/2003/MERRA300.prod.assim.instM_3d_asm_Cp.200312.hdf
200305, http://goldsmr3.sci.gsfc.nasa.gov/opendap/MERRA_MONTHLY/MAIMCPASM.5.2.0/2003/MERRA300.prod.assim.instM_3d_asm_Cp.200308.hdf
200306, http://goldsmr3.sci.gsfc.nasa.gov/opendap/MERRA_MONTHLY/MAIMCPASM.5.2.0/2003/MERRA300.prod.assim.instM_3d_asm_Cp.200307.hdf
200307, http://goldsmr3.sci.gsfc.nasa.gov/opendap/MERRA_MONTHLY/MAIMCPASM.5.2.0/2003/MERRA300.prod.assim.instM_3d_asm_Cp.200302.hdf
200308, http://goldsmr3.sci.gsfc.nasa.gov/opendap/MERRA_MONTHLY/MAIMCPASM.5.2.0/2003/MERRA300.prod.assim.instM_3d_asm_Cp.200309.hdf
200309, http://goldsmr3.sci.gsfc.nasa.gov/opendap/MERRA_MONTHLY/MAIMCPASM.5.2.0/2003/MERRA300.prod.assim.instM_3d_asm_Cp.200305.hdf
200310, http://goldsmr3.sci.gsfc.nasa.gov/opendap/MERRA_MONTHLY/MAIMCPASM.5.2.0/2003/MERRA300.prod.assim.instM_3d_asm_Cp.200304.hdf
200311, http://goldsmr3.sci.gsfc.nasa.gov/opendap/MERRA_MONTHLY/MAIMCPASM.5.2.0/2003/MERRA300.prod.assim.instM_3d_asm_Cp.200303.hdf
200312, http://goldsmr3.sci.gsfc.nasa.gov/opendap/MERRA_MONTHLY/MAIMCPASM.5.2.0/2003/MERRA300.prod.assim.instM_3d_asm_Cp.200311.hdf
200401, http://goldsmr3.sci.gsfc.nasa.gov/opendap/MERRA_MONTHLY/MAIMCPASM.5.2.0/2004/MERRA300.prod.assim.instM_3d_asm_Cp.200403.hdf
200402, http://goldsmr3.sci.gsfc.nasa.gov/opendap/MERRA_MONTHLY/MAIMCPASM.5.2.0/2004/MERRA300.prod.assim.instM_3d_asm_Cp.200404.hdf
200403, http://goldsmr3.sci.gsfc.nasa.gov/opendap/MERRA_MONTHLY/MAIMCPASM.5.2.0/2004/MERRA300.prod.assim.instM_3d_asm_Cp.200409.hdf
200404, http://goldsmr3.sci.gsfc.nasa.gov/opendap/MERRA_MONTHLY/MAIMCPASM.5.2.0/2004/MERRA300.prod.assim.instM_3d_asm_Cp.200407.hdf
200405, http://goldsmr3.sci.gsfc.nasa.gov/opendap/MERRA_MONTHLY/MAIMCPASM.5.2.0/2004/MERRA300.prod.assim.instM_3d_asm_Cp.200408.hdf
200406, http://goldsmr3.sci.gsfc.nasa.gov/opendap/MERRA_MONTHLY/MAIMCPASM.5.2.0/2004/MERRA300.prod.assim.instM_3d_asm_Cp.200406.hdf
200407, http://goldsmr3.sci.gsfc.nasa.gov/opendap/MERRA_MONTHLY/MAIMCPASM.5.2.0/2004/MERRA300.prod.assim.instM_3d_asm_Cp.200401.hdf
200408, http://goldsmr3.sci.gsfc.nasa.gov/opendap/MERRA_MONTHLY/MAIMCPASM.5.2.0/2004/MERRA300.prod.assim.instM_3d_asm_Cp.200410.hdf
200409, http://goldsmr3.sci.gsfc.nasa.gov/opendap/MERRA_MONTHLY/MAIMCPASM.5.2.0/2004/MERRA300.prod.assim.instM_3d_asm_Cp.200405.hdf
200410, http://goldsmr3.sci.gsfc.nasa.gov/opendap/MERRA_MONTHLY/MAIMCPASM.5.2.0/2004/MERRA300.prod.assim.instM_3d_asm_Cp.200411.hdf
200411, http://goldsmr3.sci.gsfc.nasa.gov/opendap/MERRA_MONTHLY/MAIMCPASM.5.2.0/2004/MERRA300.prod.assim.instM_3d_asm_Cp.200402.hdf
200412, http://goldsmr3.sci.gsfc.nasa.gov/opendap/MERRA_MONTHLY/MAIMCPASM.5.2.0/2004/MERRA300.prod.assim.instM_3d_asm_Cp.200412.hdf
200501, http://goldsmr3.sci.gsfc.nasa.gov/opendap/MERRA_MONTHLY/MAIMCPASM.5.2.0/2005/MERRA300.prod.assim.instM_3d_asm_Cp.200509.hdf
200502, http://goldsmr3.sci.gsfc.nasa.gov/opendap/MERRA_MONTHLY/MAIMCPASM.5.2.0/2005/MERRA300.prod.assim.instM_3d_asm_Cp.200511.hdf
200503, http://goldsmr3.sci.gsfc.nasa.gov/opendap/MERRA_MONTHLY/MAIMCPASM.5.2.0/2005/MERRA300.prod.assim.instM_3d_asm_Cp.200502.hdf
200504, http://goldsmr3.sci.gsfc.nasa.gov/opendap/MERRA_MONTHLY/MAIMCPASM.5.2.0/2005/MERRA300.prod.assim.instM_3d_asm_Cp.200505.hdf
200505, http://goldsmr3.sci.gsfc.nasa.gov/opendap/MERRA_MONTHLY/MAIMCPASM.5.2.0/2005/MERRA300.prod.assim.instM_3d_asm_Cp.200506.hdf
200506, http://goldsmr3.sci.gsfc.nasa.gov/opendap/MERRA_MONTHLY/MAIMCPASM.5.2.0/2005/MERRA300.prod.assim.instM_3d_asm_Cp.200507.hdf
200507, http://goldsmr3.sci.gsfc.nasa.gov/opendap/MERRA_MONTHLY/MAIMCPASM.5.2.0/2005/MERRA300.prod.assim.instM_3d_asm_Cp.200512.hdf
200508, http://goldsmr3.sci.gsfc.nasa.gov/opendap/MERRA_MONTHLY/MAIMCPASM.5.2.0/2005/MERRA300.prod.assim.instM_3d_asm_Cp.200501.hdf
200509, http://goldsmr3.sci.gsfc.nasa.gov/opendap/MERRA_MONTHLY/MAIMCPASM.5.2.0/2005/MERRA300.prod.assim.instM_3d_asm_Cp.200504.hdf
200510, http://goldsmr3.sci.gsfc.nasa.gov/opendap/MERRA_MONTHLY/MAIMCPASM.5.2.0/2005/MERRA300.prod.assim.instM_3d_asm_Cp.200510.hdf
200511, http://goldsmr3.sci.gsfc.nasa.gov/opendap/MERRA_MONTHLY/MAIMCPASM.5.2.0/2005/MERRA300.prod.assim.instM_3d_asm_Cp.200508.hdf
200512, http://goldsmr3.sci.gsfc.nasa.gov/opendap/MERRA_MONTHLY/MAIMCPASM.5.2.0/2005/MERRA300.prod.assim.instM_3d_asm_Cp.200503.hdf
200601, http://goldsmr3.sci.gsfc.nasa.gov/opendap/MERRA_MONTHLY/MAIMCPASM.5.2.0/2006/MERRA300.prod.assim.instM_3d_asm_Cp.200602.hdf
200602, http://goldsmr3.sci.gsfc.nasa.gov/opendap/MERRA_MONTHLY/MAIMCPASM.5.2.0/2006/MERRA300.prod.assim.instM_3d_asm_Cp.200607.hdf
200603, http://goldsmr3.sci.gsfc.nasa.gov/opendap/MERRA_MONTHLY/MAIMCPASM.5.2.0/2006/MERRA300.prod.assim.instM_3d_asm_Cp.200611.hdf
200604, http://goldsmr3.sci.gsfc.nasa.gov/opendap/MERRA_MONTHLY/MAIMCPASM.5.2.0/2006/MERRA300.prod.assim.instM_3d_asm_Cp.200609.hdf
200605, http://goldsmr3.sci.gsfc.nasa.gov/opendap/MERRA_MONTHLY/MAIMCPASM.5.2.0/2006/MERRA300.prod.assim.instM_3d_asm_Cp.200610.hdf
200606, http://goldsmr3.sci.gsfc.nasa.gov/opendap/MERRA_MONTHLY/MAIMCPASM.5.2.0/2006/MERRA300.prod.assim.instM_3d_asm_Cp.200601.hdf
200607, http://goldsmr3.sci.gsfc.nasa.gov/opendap/MERRA_MONTHLY/MAIMCPASM.5.2.0/2006/MERRA300.prod.assim.instM_3d_asm_Cp.200606.hdf
200608, http://goldsmr3.sci.gsfc.nasa.gov/opendap/MERRA_MONTHLY/MAIMCPASM.5.2.0/2006/MERRA300.prod.assim.instM_3d_asm_Cp.200605.hdf
200609, http://goldsmr3.sci.gsfc.nasa.gov/opendap/MERRA_MONTHLY/MAIMCPASM.5.2.0/2006/MERRA300.prod.assim.instM_3d_asm_Cp.200612.hdf
200610, http://goldsmr3.sci.gsfc.nasa.gov/opendap/MERRA_MONTHLY/MAIMCPASM.5.2.0/2006/MERRA300.prod.assim.instM_3d_asm_Cp.200604.hdf
200611, http://goldsmr3.sci.gsfc.nasa.gov/opendap/MERRA_MONTHLY/MAIMCPASM.5.2.0/2006/MERRA300.prod.assim.instM_3d_asm_Cp.200603.hdf
200612, http://goldsmr3.sci.gsfc.nasa.gov/opendap/MERRA_MONTHLY/MAIMCPASM.5.2.0/2006/MERRA300.prod.assim.instM_3d_asm_Cp.200608.hdf
200701, http://goldsmr3.sci.gsfc.nasa.gov/opendap/MERRA_MONTHLY/MAIMCPASM.5.2.0/2007/MERRA300.prod.assim.instM_3d_asm_Cp.200704.hdf
200702, http://goldsmr3.sci.gsfc.nasa.gov/opendap/MERRA_MONTHLY/MAIMCPASM.5.2.0/2007/MERRA300.prod.assim.instM_3d_asm_Cp.200705.hdf
200703, http://goldsmr3.sci.gsfc.nasa.gov/opendap/MERRA_MONTHLY/MAIMCPASM.5.2.0/2007/MERRA300.prod.assim.instM_3d_asm_Cp.200708.hdf
200704, http://goldsmr3.sci.gsfc.nasa.gov/opendap/MERRA_MONTHLY/MAIMCPASM.5.2.0/2007/MERRA300.prod.assim.instM_3d_asm_Cp.200702.hdf
200705, http://goldsmr3.sci.gsfc.nasa.gov/opendap/MERRA_MONTHLY/MAIMCPASM.5.2.0/2007/MERRA300.prod.assim.instM_3d_asm_Cp.200710.hdf
200706, http://goldsmr3.sci.gsfc.nasa.gov/opendap/MERRA_MONTHLY/MAIMCPASM.5.2.0/2007/MERRA300.prod.assim.instM_3d_asm_Cp.200703.hdf
200707, http://goldsmr3.sci.gsfc.nasa.gov/opendap/MERRA_MONTHLY/MAIMCPASM.5.2.0/2007/MERRA300.prod.assim.instM_3d_asm_Cp.200706.hdf
200708, http://goldsmr3.sci.gsfc.nasa.gov/opendap/MERRA_MONTHLY/MAIMCPASM.5.2.0/2007/MERRA300.prod.assim.instM_3d_asm_Cp.200711.hdf
200709, http://goldsmr3.sci.gsfc.nasa.gov/opendap/MERRA_MONTHLY/MAIMCPASM.5.2.0/2007/MERRA300.prod.assim.instM_3d_asm_Cp.200701.hdf
200710, http://goldsmr3.sci.gsfc.nasa.gov/opendap/MERRA_MONTHLY/MAIMCPASM.5.2.0/2007/MERRA300.prod.assim.instM_3d_asm_Cp.200712.hdf
200711, http://goldsmr3.sci.gsfc.nasa.gov/opendap/MERRA_MONTHLY/MAIMCPASM.5.2.0/2007/MERRA300.prod.assim.instM_3d_asm_Cp.200709.hdf
200712, http://goldsmr3.sci.gsfc.nasa.gov/opendap/MERRA_MONTHLY/MAIMCPASM.5.2.0/2007/MERRA300.prod.assim.instM_3d_asm_Cp.200707.hdf
200801, http://goldsmr3.sci.gsfc.nasa.gov/opendap/MERRA_MONTHLY/MAIMCPASM.5.2.0/2008/MERRA300.prod.assim.instM_3d_asm_Cp.200809.hdf
200802, http://goldsmr3.sci.gsfc.nasa.gov/opendap/MERRA_MONTHLY/MAIMCPASM.5.2.0/2008/MERRA300.prod.assim.instM_3d_asm_Cp.200812.hdf
200803, http://goldsmr3.sci.gsfc.nasa.gov/opendap/MERRA_MONTHLY/MAIMCPASM.5.2.0/2008/MERRA300.prod.assim.instM_3d_asm_Cp.200810.hdf
200804, http://goldsmr3.sci.gsfc.nasa.gov/opendap/MERRA_MONTHLY/MAIMCPASM.5.2.0/2008/MERRA300.prod.assim.instM_3d_asm_Cp.200807.hdf
200805, http://goldsmr3.sci.gsfc.nasa.gov/opendap/MERRA_MONTHLY/MAIMCPASM.5.2.0/2008/MERRA300.prod.assim.instM_3d_asm_Cp.200803.hdf
200806, http://goldsmr3.sci.gsfc.nasa.gov/opendap/MERRA_MONTHLY/MAIMCPASM.5.2.0/2008/MERRA300.prod.assim.instM_3d_asm_Cp.200802.hdf
200807, http://goldsmr3.sci.gsfc.nasa.gov/opendap/MERRA_MONTHLY/MAIMCPASM.5.2.0/2008/MERRA300.prod.assim.instM_3d_asm_Cp.200808.hdf
200808, http://goldsmr3.sci.gsfc.nasa.gov/opendap/MERRA_MONTHLY/MAIMCPASM.5.2.0/2008/MERRA300.prod.assim.instM_3d_asm_Cp.200805.hdf
200809, http://goldsmr3.sci.gsfc.nasa.gov/opendap/MERRA_MONTHLY/MAIMCPASM.5.2.0/2008/MERRA300.prod.assim.instM_3d_asm_Cp.200804.hdf
200810, http://goldsmr3.sci.gsfc.nasa.gov/opendap/MERRA_MONTHLY/MAIMCPASM.5.2.0/2008/MERRA300.prod.assim.instM_3d_asm_Cp.200801.hdf
200811, http://goldsmr3.sci.gsfc.nasa.gov/opendap/MERRA_MONTHLY/MAIMCPASM.5.2.0/2008/MERRA300.prod.assim.instM_3d_asm_Cp.200811.hdf
200812, http://goldsmr3.sci.gsfc.nasa.gov/opendap/MERRA_MONTHLY/MAIMCPASM.5.2.0/2008/MERRA300.prod.assim.instM_3d_asm_Cp.200806.hdf
200901, http://goldsmr3.sci.gsfc.nasa.gov/opendap/MERRA_MONTHLY/MAIMCPASM.5.2.0/2009/MERRA300.prod.assim.instM_3d_asm_Cp.200905.hdf
200902, http://goldsmr3.sci.gsfc.nasa.gov/opendap/MERRA_MONTHLY/MAIMCPASM.5.2.0/2009/MERRA300.prod.assim.instM_3d_asm_Cp.200910.hdf
200903, http://goldsmr3.sci.gsfc.nasa.gov/opendap/MERRA_MONTHLY/MAIMCPASM.5.2.0/2009/MERRA300.prod.assim.instM_3d_asm_Cp.200907.hdf
200904, http://goldsmr3.sci.gsfc.nasa.gov/opendap/MERRA_MONTHLY/MAIMCPASM.5.2.0/2009/MERRA300.prod.assim.instM_3d_asm_Cp.200909.hdf
200905, http://goldsmr3.sci.gsfc.nasa.gov/opendap/MERRA_MONTHLY/MAIMCPASM.5.2.0/2009/MERRA300.prod.assim.instM_3d_asm_Cp.200911.hdf
200906, http://goldsmr3.sci.gsfc.nasa.gov/opendap/MERRA_MONTHLY/MAIMCPASM.5.2.0/2009/MERRA300.prod.assim.instM_3d_asm_Cp.200906.hdf
200907, http://goldsmr3.sci.gsfc.nasa.gov/opendap/MERRA_MONTHLY/MAIMCPASM.5.2.0/2009/MERRA300.prod.assim.instM_3d_asm_Cp.200901.hdf
200908, http://goldsmr3.sci.gsfc.nasa.gov/opendap/MERRA_MONTHLY/MAIMCPASM.5.2.0/2009/MERRA300.prod.assim.instM_3d_asm_Cp.200902.hdf
200909, http://goldsmr3.sci.gsfc.nasa.gov/opendap/MERRA_MONTHLY/MAIMCPASM.5.2.0/2009/MERRA300.prod.assim.instM_3d_asm_Cp.200908.hdf
200910, http://goldsmr3.sci.gsfc.nasa.gov/opendap/MERRA_MONTHLY/MAIMCPASM.5.2.0/2009/MERRA300.prod.assim.instM_3d_asm_Cp.200903.hdf
200911, http://goldsmr3.sci.gsfc.nasa.gov/opendap/MERRA_MONTHLY/MAIMCPASM.5.2.0/2009/MERRA300.prod.assim.instM_3d_asm_Cp.200904.hdf
200912, http://goldsmr3.sci.gsfc.nasa.gov/opendap/MERRA_MONTHLY/MAIMCPASM.5.2.0/2009/MERRA300.prod.assim.instM_3d_asm_Cp.200912.hdf
201001, http://goldsmr3.sci.gsfc.nasa.gov/opendap/MERRA_MONTHLY/MAIMCPASM.5.2.0/2010/MERRA300.prod.assim.instM_3d_asm_Cp.201004.hdf
201002, http://goldsmr3.sci.gsfc.nasa.gov/opendap/MERRA_MONTHLY/MAIMCPASM.5.2.0/2010/MERRA300.prod.assim.instM_3d_asm_Cp.201012.hdf
201003, http://goldsmr3.sci.gsfc.nasa.gov/opendap/MERRA_MONTHLY/MAIMCPASM.5.2.0/2010/MERRA301.prod.assim.instM_3d_asm_Cp.201006.hdf
201004, http://goldsmr3.sci.gsfc.nasa.gov/opendap/MERRA_MONTHLY/MAIMCPASM.5.2.0/2010/MERRA300.prod.assim.instM_3d_asm_Cp.201002.hdf
201009, http://goldsmr3.sci.gsfc.nasa.gov/opendap/MERRA_MONTHLY/MAIMCPASM.5.2.0/2010/MERRA301.prod.assim.instM_3d_asm_Cp.201005.hdf
201010, http://goldsmr3.sci.gsfc.nasa.gov/opendap/MERRA_MONTHLY/MAIMCPASM.5.2.0/2010/MERRA300.prod.assim.instM_3d_asm_Cp.201003.hdf
201011, http://goldsmr3.sci.gsfc.nasa.gov/opendap/MERRA_MONTHLY/MAIMCPASM.5.2.0/2010/MERRA300.prod.assim.instM_3d_asm_Cp.201011.hdf
201012, http://goldsmr3.sci.gsfc.nasa.gov/opendap/MERRA_MONTHLY/MAIMCPASM.5.2.0/2010/MERRA300.prod.assim.instM_3d_asm_Cp.201001.hdf
201005, http://goldsmr3.sci.gsfc.nasa.gov/opendap/MERRA_MONTHLY/MAIMCPASM.5.2.0/2010/MERRA301.prod.assim.instM_3d_asm_Cp.201007.hdf
201006, http://goldsmr3.sci.gsfc.nasa.gov/opendap/MERRA_MONTHLY/MAIMCPASM.5.2.0/2010/MERRA300.prod.assim.instM_3d_asm_Cp.201009.hdf
201007, http://goldsmr3.sci.gsfc.nasa.gov/opendap/MERRA_MONTHLY/MAIMCPASM.5.2.0/2010/MERRA301.prod.assim.instM_3d_asm_Cp.201008.hdf
201008, http://goldsmr3.sci.gsfc.nasa.gov/opendap/MERRA_MONTHLY/MAIMCPASM.5.2.0/2010/MERRA300.prod.assim.instM_3d_asm_Cp.201010.hdf
201101, http://goldsmr3.sci.gsfc.nasa.gov/opendap/MERRA_MONTHLY/MAIMCPASM.5.2.0/2011/MERRA300.prod.assim.instM_3d_asm_Cp.201102.hdf
201102, http://goldsmr3.sci.gsfc.nasa.gov/opendap/MERRA_MONTHLY/MAIMCPASM.5.2.0/2011/MERRA300.prod.assim.instM_3d_asm_Cp.201107.hdf
201103, http://goldsmr3.sci.gsfc.nasa.gov/opendap/MERRA_MONTHLY/MAIMCPASM.5.2.0/2011/MERRA300.prod.assim.instM_3d_asm_Cp.201110.hdf
201104, http://goldsmr3.sci.gsfc.nasa.gov/opendap/MERRA_MONTHLY/MAIMCPASM.5.2.0/2011/MERRA300.prod.assim.instM_3d_asm_Cp.201109.hdf
201105, http://goldsmr3.sci.gsfc.nasa.gov/opendap/MERRA_MONTHLY/MAIMCPASM.5.2.0/2011/MERRA300.prod.assim.instM_3d_asm_Cp.201111.hdf
201106, http://goldsmr3.sci.gsfc.nasa.gov/opendap/MERRA_MONTHLY/MAIMCPASM.5.2.0/2011/MERRA300.prod.assim.instM_3d_asm_Cp.201101.hdf
201107, http://goldsmr3.sci.gsfc.nasa.gov/opendap/MERRA_MONTHLY/MAIMCPASM.5.2.0/2011/MERRA300.prod.assim.instM_3d_asm_Cp.201106.hdf
201108, http://goldsmr3.sci.gsfc.nasa.gov/opendap/MERRA_MONTHLY/MAIMCPASM.5.2.0/2011/MERRA300.prod.assim.instM_3d_asm_Cp.201105.hdf
201109, http://goldsmr3.sci.gsfc.nasa.gov/opendap/MERRA_MONTHLY/MAIMCPASM.5.2.0/2011/MERRA300.prod.assim.instM_3d_asm_Cp.201112.hdf
201110, http://goldsmr3.sci.gsfc.nasa.gov/opendap/MERRA_MONTHLY/MAIMCPASM.5.2.0/2011/MERRA300.prod.assim.instM_3d_asm_Cp.201104.hdf
201111, http://goldsmr3.sci.gsfc.nasa.gov/opendap/MERRA_MONTHLY/MAIMCPASM.5.2.0/2011/MERRA300.prod.assim.instM_3d_asm_Cp.201103.hdf
201112, http://goldsmr3.sci.gsfc.nasa.gov/opendap/MERRA_MONTHLY/MAIMCPASM.5.2.0/2011/MERRA300.prod.assim.instM_3d_asm_Cp.201108.hdf
201201, http://goldsmr3.sci.gsfc.nasa.gov/opendap/MERRA_MONTHLY/MAIMCPASM.5.2.0/2012/MERRA300.prod.assim.instM_3d_asm_Cp.201209.hdf
201202, http://goldsmr3.sci.gsfc.nasa.gov/opendap/MERRA_MONTHLY/MAIMCPASM.5.2.0/2012/MERRA300.prod.assim.instM_3d_asm_Cp.201211.hdf
201203, http://goldsmr3.sci.gsfc.nasa.gov/opendap/MERRA_MONTHLY/MAIMCPASM.5.2.0/2012/MERRA300.prod.assim.instM_3d_asm_Cp.201202.hdf
201204, http://goldsmr3.sci.gsfc.nasa.gov/opendap/MERRA_MONTHLY/MAIMCPASM.5.2.0/2012/MERRA300.prod.assim.instM_3d_asm_Cp.201205.hdf
201205, http://goldsmr3.sci.gsfc.nasa.gov/opendap/MERRA_MONTHLY/MAIMCPASM.5.2.0/2012/MERRA300.prod.assim.instM_3d_asm_Cp.201206.hdf
201206, http://goldsmr3.sci.gsfc.nasa.gov/opendap/MERRA_MONTHLY/MAIMCPASM.5.2.0/2012/MERRA300.prod.assim.instM_3d_asm_Cp.201207.hdf
201207, http://goldsmr3.sci.gsfc.nasa.gov/opendap/MERRA_MONTHLY/MAIMCPASM.5.2.0/2012/MERRA300.prod.assim.instM_3d_asm_Cp.201212.hdf
201208, http://goldsmr3.sci.gsfc.nasa.gov/opendap/MERRA_MONTHLY/MAIMCPASM.5.2.0/2012/MERRA300.prod.assim.instM_3d_asm_Cp.201201.hdf
201209, http://goldsmr3.sci.gsfc.nasa.gov/opendap/MERRA_MONTHLY/MAIMCPASM.5.2.0/2012/MERRA300.prod.assim.instM_3d_asm_Cp.201204.hdf
201210, http://goldsmr3.sci.gsfc.nasa.gov/opendap/MERRA_MONTHLY/MAIMCPASM.5.2.0/2012/MERRA300.prod.assim.instM_3d_asm_Cp.201210.hdf
201211, http://goldsmr3.sci.gsfc.nasa.gov/opendap/MERRA_MONTHLY/MAIMCPASM.5.2.0/2012/MERRA300.prod.assim.instM_3d_asm_Cp.201208.hdf
201212, http://goldsmr3.sci.gsfc.nasa.gov/opendap/MERRA_MONTHLY/MAIMCPASM.5.2.0/2012/MERRA300.prod.assim.instM_3d_asm_Cp.201203.hdf
201301, http://goldsmr3.sci.gsfc.nasa.gov/opendap/MERRA_MONTHLY/MAIMCPASM.5.2.0/2013/MERRA300.prod.assim.instM_3d_asm_Cp.201303.hdf
201302, http://goldsmr3.sci.gsfc.nasa.gov/opendap/MERRA_MONTHLY/MAIMCPASM.5.2.0/2013/MERRA300.prod.assim.instM_3d_asm_Cp.201304.hdf
201303, http://goldsmr3.sci.gsfc.nasa.gov/opendap/MERRA_MONTHLY/MAIMCPASM.5.2.0/2013/MERRA300.prod.assim.instM_3d_asm_Cp.201309.hdf
201304, http://goldsmr3.sci.gsfc.nasa.gov/opendap/MERRA_MONTHLY/MAIMCPASM.5.2.0/2013/MERRA300.prod.assim.instM_3d_asm_Cp.201307.hdf
201305, http://goldsmr3.sci.gsfc.nasa.gov/opendap/MERRA_MONTHLY/MAIMCPASM.5.2.0/2013/MERRA300.prod.assim.instM_3d_asm_Cp.201308.hdf
201306, http://goldsmr3.sci.gsfc.nasa.gov/opendap/MERRA_MONTHLY/MAIMCPASM.5.2.0/2013/MERRA300.prod.assim.instM_3d_asm_Cp.201306.hdf
201307, http://goldsmr3.sci.gsfc.nasa.gov/opendap/MERRA_MONTHLY/MAIMCPASM.5.2.0/2013/MERRA300.prod.assim.instM_3d_asm_Cp.201301.hdf
201308, http://goldsmr3.sci.gsfc.nasa.gov/opendap/MERRA_MONTHLY/MAIMCPASM.5.2.0/2013/MERRA300.prod.assim.instM_3d_asm_Cp.201310.hdf
201309, http://goldsmr3.sci.gsfc.nasa.gov/opendap/MERRA_MONTHLY/MAIMCPASM.5.2.0/2013/MERRA300.prod.assim.instM_3d_asm_Cp.201305.hdf
201310, http://goldsmr3.sci.gsfc.nasa.gov/opendap/MERRA_MONTHLY/MAIMCPASM.5.2.0/2013/MERRA300.prod.assim.instM_3d_asm_Cp.201311.hdf
201311, http://goldsmr3.sci.gsfc.nasa.gov/opendap/MERRA_MONTHLY/MAIMCPASM.5.2.0/2013/MERRA300.prod.assim.instM_3d_asm_Cp.201302.hdf
201312, http://goldsmr3.sci.gsfc.nasa.gov/opendap/MERRA_MONTHLY/MAIMCPASM.5.2.0/2013/MERRA300.prod.assim.instM_3d_asm_Cp.201312.hdf
201401, http://goldsmr3.sci.gsfc.nasa.gov/opendap/MERRA_MONTHLY/MAIMCPASM.5.2.0/2014/MERRA300.prod.assim.instM_3d_asm_Cp.201410.hdf
201402, http://goldsmr3.sci.gsfc.nasa.gov/opendap/MERRA_MONTHLY/MAIMCPASM.5.2.0/2014/MERRA300.prod.assim.instM_3d_asm_Cp.201401.hdf
201403, http://goldsmr3.sci.gsfc.nasa.gov/opendap/MERRA_MONTHLY/MAIMCPASM.5.2.0/2014/MERRA300.prod.assim.instM_3d_asm_Cp.201406.hdf
201404, http://goldsmr3.sci.gsfc.nasa.gov/opendap/MERRA_MONTHLY/MAIMCPASM.5.2.0/2014/MERRA300.prod.assim.instM_3d_asm_Cp.201412.hdf
201405, http://goldsmr3.sci.gsfc.nasa.gov/opendap/MERRA_MONTHLY/MAIMCPASM.5.2.0/2014/MERRA300.prod.assim.instM_3d_asm_Cp.201408.hdf
201406, http://goldsmr3.sci.gsfc.nasa.gov/opendap/MERRA_MONTHLY/MAIMCPASM.5.2.0/2014/MERRA300.prod.assim.instM_3d_asm_Cp.201407.hdf
201407, http://goldsmr3.sci.gsfc.nasa.gov/opendap/MERRA_MONTHLY/MAIMCPASM.5.2.0/2014/MERRA300.prod.assim.instM_3d_asm_Cp.201402.hdf
201408, http://goldsmr3.sci.gsfc.nasa.gov/opendap/MERRA_MONTHLY/MAIMCPASM.5.2.0/2014/MERRA300.prod.assim.instM_3d_asm_Cp.201409.hdf
201409, http://goldsmr3.sci.gsfc.nasa.gov/opendap/MERRA_MONTHLY/MAIMCPASM.5.2.0/2014/MERRA300.prod.assim.instM_3d_asm_Cp.201405.hdf
201410, http://goldsmr3.sci.gsfc.nasa.gov/opendap/MERRA_MONTHLY/MAIMCPASM.5.2.0/2014/MERRA300.prod.assim.instM_3d_asm_Cp.201404.hdf
201411, http://goldsmr3.sci.gsfc.nasa.gov/opendap/MERRA_MONTHLY/MAIMCPASM.5.2.0/2014/MERRA300.prod.assim.instM_3d_asm_Cp.201403.hdf
201412, http://goldsmr3.sci.gsfc.nasa.gov/opendap/MERRA_MONTHLY/MAIMCPASM.5.2.0/2014/MERRA300.prod.assim.instM_3d_asm_Cp.201411.hdf
